week_start,channel,orders,customers,revenue,avg_order_value
2026-07-13,Display,96,81,4648.81,48.54
2026-07-13,Email,140,123,9811.49,69.97
2026-07-13,Facebook,181,159,12739.76,70.24
2026-07-13,Organic,248,194,19628.6,79.19
2026-07-13,Search,216,193,18535.06,85.95
2026-07-20,Display,91,71,4325.19,47.47
2026-07-20,Email,144,128,10469.77,72.48
2026-07-20,Facebook,174,151,14454.48,83.09
2026-07-20,Organic,246,195,21904.93,89.07
2026-07-20,Search,250,183,18748.61,74.96
2026-07-27,Display,86,76,3657.59,42.44
2026-07-27,Email,137,118,10525.85,76.96
2026-07-27,Facebook,161,139,14799.74,91.85
2026-07-27,Organic,264,210,21459.71,81.4
2026-07-27,Search,229,193,18841.19,82.15
2026-08-03,Display,81,64,3074.18,38.04
2026-08-03,Email,140,117,10295.25,73.45
2026-08-03,Facebook,161,116,12860.72,79.86
2026-08-03,Organic,290,230,22167.61,76.41
2026-08-03,Search,244,178,18306.37,75.11
2026-08-10,Display,69,61,2986.41,43.14
2026-08-10,Email,139,120,10348.77,74.7
2026-08-10,Facebook,153,111,13604.31,88.98
2026-08-10,Organic,314,265,22674.79,72.14
2026-08-10,Search,241,183,19045.42,78.92
2026-08-17,Display,62,51,3358.7,54.08
2026-08-17,Email,133,113,11495.88,86.4
2026-08-17,Facebook,147,124,13359.46,90.93
2026-08-17,Organic,320,233,23039.54,72.1
2026-08-17,Search,241,174,20138.91,83.54
2026-08-24,Display,64,54,2735.23,42.54
2026-08-24,Email,137,99,11983.74,87.22
2026-08-24,Facebook,143,111,11813.63,82.5
2026-08-24,Organic,299,228,24385.2,81.52
2026-08-24,Search,243,185,21021.41,86.42
2026-08-31,Display,69,51,2913.09,42.26
2026-08-31,Email,127,92,11500.38,90.46
2026-08-31,Facebook,143,128,12254.75,85.91
2026-08-31,Organic,316,275,24490.39,77.53
2026-08-31,Search,245,182,22412.45,91.4
2026-09-07,Display,60,43,3367.55,55.69
2026-09-07,Email,132,114,12972.4,98.17
2026-09-07,Facebook,139,121,13697.88,98.66
2026-09-07,Organic,308,247,24153.35,78.51
2026-09-07,Search,248,208,25114.24,101.35
2026-09-14,Display,62,46,3700.61,59.47
2026-09-14,Email,128,95,13618.3,106.5
2026-09-14,Facebook,140,101,14612.59,104.63
2026-09-14,Organic,331,246,24250.53,73.16
2026-09-14,Search,247,199,22716.52,92.1
2026-09-21,Display,58,47,3193.29,55.47
2026-09-21,Email,123,91,14089.18,114.95
2026-09-21,Facebook,130,96,13089.4,101.05
2026-09-21,Organic,317,245,22606.18,71.23
2026-09-21,Search,220,172,22185.72,100.97
2026-09-28,Display,50,37,2349.59,46.91
2026-09-28,Email,125,90,14639.67,116.83
2026-09-28,Facebook,130,101,12213.89,94.17
2026-09-28,Organic,304,243,22425.07,73.88
2026-09-28,Search,227,176,23037.46,101.55
2026-10-05,Display,51,42,2504.91,48.97
2026-10-05,Email,127,113,15903.6,125.11
2026-10-05,Facebook,126,102,10591.84,84.39
2026-10-05,Organic,313,255,23559.0,75.18
2026-10-05,Search,233,187,20490.08,87.76
